{"cameraMode":{"drawMode":0,"name":"Shaded","section":"Shading Mode"},"sceneLighting":true,"audioPlay":false,"sceneViewState":{"showFog":true,"showMaterialUpdate":false,"showSkybox":true,"showFlares":true,"showImageEffects":true,"showParticleSystems":true},"in2DMode":false,"pivot":{"x":-0.9677419662475586,"y":8.90328598022461,"z":-6.959717750549316},"rotation":{"x":-0.16219528019428254,"y":0.10251864790916443,"z":-0.01694534532725811,"w":-0.9812731742858887},"size":5.996562957763672,"orthographic":false}